{
    "bert-base-uncased": {
        "path": "bert-base-uncased",
        "gender": {
            "dev": {
                "ss": 0.6666666666666666,
                "lms": 0.8333333333333334,
                "icat": 0.5555555555555557
            },
            "test": {
                "ss": 0.578125,
                "lms": 0.7578125,
                "icat": 0.639404296875
            },
            "dev_count": 189,
            "test_count": 192
        },
        "profession": {
            "dev": {
                "ss": 0.5248868778280543,
                "lms": 0.8009049773755657,
                "icat": 0.7610409287279131
            },
            "test": {
                "ss": 0.579185520361991,
                "lms": 0.7647058823529411,
                "icat": 0.6435986159169549
            },
            "dev_count": 663,
            "test_count": 663
        },
        "race": {
            "dev": {
                "ss": 0.5227272727272727,
                "lms": 0.8068181818181818,
                "icat": 0.7701446280991735
            },
            "test": {
                "ss": 0.4512987012987013,
                "lms": 0.7792207792207793,
                "icat": 0.7033226513745995
            },
            "dev_count": 924,
            "test_count": 924
        },
        "religion": {
            "dev": {
                "ss": 0.5238095238095238,
                "lms": 0.7619047619047619,
                "icat": 0.7256235827664398
            },
            "test": {
                "ss": 0.5454545454545454,
                "lms": 0.7954545454545454,
                "icat": 0.7231404958677686
            },
            "dev_count": 63,
            "test_count": 66
        }
    }
}